episode,nearest distance for adult,nearest distance for child,nearest distance for elder,time DExc for adult,time DExc for child,time DExc for elder,reward,done_reason,total time steps,total time,path
1.0,2.0901883727931163,2.2079542211952305,3.8193591865465395,1.0,0.0,0.0,8.398598628765575,2.0,281.0,30.909999999999933,33.5944819817334
2.0,4.922054983637108,2.061034221401869,11.025235545529377,0.0,0.0,0.0,8.391370000000002,2.0,279.0,30.68999999999993,33.10754313428633
3.0,1.2955416333583332,2.3152020146883783,4.731655192343823,16.0,0.0,0.0,7.582226941884864,2.0,291.0,32.00999999999993,34.09583321891519
4.0,3.5579166601852594,3.5820861307988277,5.02331001759916,0.0,0.0,0.0,8.376960000000002,2.0,282.0,31.019999999999932,33.59081998852539
5.0,5.7658862213626225,3.2780915753711954,3.3339631980557476,0.0,0.0,0.0,8.441910000000004,2.0,277.0,30.469999999999935,33.11029344818532
6.0,1.1628616360126633,3.0403609821209248,4.578000560882662,25.0,0.0,0.0,6.607131951392109,2.0,281.0,30.909999999999933,33.57669825493636
7.0,3.254790904384332,1.9193972215862602,2.985574377826016,0.0,11.0,0.0,8.377523203616933,2.0,293.0,32.229999999999926,35.03246518227083
